"store_type","total_sales","total_orders","percentage_of_sales"
"Local",1044744.6099997698,"78409","0"
"Mall Kiosk",175513.9399999992,"13142","0"
"Outlet",126171.62000000609,"9207","0"
"Super Store",257946.19999998505,"19276","0"
"Web Portal",417.9700000000001,"43","0"
